{
    "name": "nf-core/metatdenovo",
    "homePage": "https://github.com/nf-core/metatdenovo",
    "repos": {
        "https://github.com/nf-core/modules.git": {
            "modules": {
                "nf-core": {
                    "bbmap/align": {
                        "branch": "master",
                        "git_sha": "f06465ff69516528b0178b2a2a5f6b1d4287faa9",
                        "installed_by": ["modules"]
                    },
                    "bbmap/bbduk": {
                        "branch": "master",
                        "git_sha": "3e5be4a4bf0f64b2a8f72d45ff391ff0ef546161",
                        "installed_by": ["modules"]
                    },
                    "bbmap/bbnorm": {
                        "branch": "master",
                        "git_sha": "f06465ff69516528b0178b2a2a5f6b1d4287faa9",
                        "installed_by": ["modules"]
                    },
                    "bbmap/index": {
                        "branch": "master",
                        "git_sha": "f06465ff69516528b0178b2a2a5f6b1d4287faa9",
                        "installed_by": ["modules"]
                    },
                    "cat/cat": {
                        "branch": "master",
                        "git_sha": "05954dab2ff481bcb999f24455da29a5828af08d",
                        "installed_by": ["modules"]
                    },
                    "cat/fastq": {
                        "branch": "master",
                        "git_sha": "05954dab2ff481bcb999f24455da29a5828af08d",
                        "installed_by": ["modules"]
                    },
                    "fastqc": {
                        "branch": "master",
                        "git_sha": "b1966f36ec9de31927b2603d8f499960b2a4c294",
                        "installed_by": ["modules"]
                    },
                    "hmmer/hmmsearch": {
                        "branch": "master",
                        "git_sha": "05954dab2ff481bcb999f24455da29a5828af08d",
                        "installed_by": ["modules"]
                    },
                    "multiqc": {
                        "branch": "master",
                        "git_sha": "e594e9dfaffa7572afc11bafc634984fd4cbd87b",
                        "installed_by": ["modules"]
                    },
                    "pigz/compress": {
                        "branch": "master",
                        "git_sha": "05954dab2ff481bcb999f24455da29a5828af08d",
                        "installed_by": ["modules"]
                    },
                    "prodigal": {
                        "branch": "master",
                        "git_sha": "05954dab2ff481bcb999f24455da29a5828af08d",
                        "installed_by": ["modules"]
                    },
                    "prokka": {
                        "branch": "master",
                        "git_sha": "05954dab2ff481bcb999f24455da29a5828af08d",
                        "installed_by": ["modules"]
                    },
                    "samtools/flagstat": {
                        "branch": "master",
                        "git_sha": "05954dab2ff481bcb999f24455da29a5828af08d",
                        "installed_by": ["bam_stats_samtools"]
                    },
                    "samtools/idxstats": {
                        "branch": "master",
                        "git_sha": "d090922b1a4b80ba283186459ababf8e308abcbb",
                        "installed_by": ["bam_stats_samtools"]
                    },
                    "samtools/index": {
                        "branch": "master",
                        "git_sha": "d090922b1a4b80ba283186459ababf8e308abcbb",
                        "installed_by": ["bam_sort_stats_samtools"]
                    },
                    "samtools/sort": {
                        "branch": "master",
                        "git_sha": "05954dab2ff481bcb999f24455da29a5828af08d",
                        "installed_by": ["bam_sort_stats_samtools"]
                    },
                    "samtools/stats": {
                        "branch": "master",
                        "git_sha": "05954dab2ff481bcb999f24455da29a5828af08d",
                        "installed_by": ["bam_stats_samtools"]
                    },
                    "seqtk/mergepe": {
                        "branch": "master",
                        "git_sha": "05954dab2ff481bcb999f24455da29a5828af08d",
                        "installed_by": ["modules"]
                    },
                    "seqtk/seq": {
                        "branch": "master",
                        "git_sha": "05954dab2ff481bcb999f24455da29a5828af08d",
                        "installed_by": ["modules"]
                    },
                    "spades": {
                        "branch": "master",
                        "git_sha": "05954dab2ff481bcb999f24455da29a5828af08d",
                        "installed_by": ["modules"]
                    },
                    "subread/featurecounts": {
                        "branch": "master",
                        "git_sha": "05954dab2ff481bcb999f24455da29a5828af08d",
                        "installed_by": ["modules"]
                    },
                    "taxonkit/lineage": {
                        "branch": "master",
                        "git_sha": "81880787133db07d9b4c1febd152c090eb8325dc",
                        "installed_by": ["modules"],
                        "patch": "modules/nf-core/taxonkit/lineage/taxonkit-lineage.diff"
                    },
                    "trimgalore": {
                        "branch": "master",
                        "git_sha": "05954dab2ff481bcb999f24455da29a5828af08d",
                        "installed_by": ["modules"]
                    },
                    "untar": {
                        "branch": "master",
                        "git_sha": "05954dab2ff481bcb999f24455da29a5828af08d",
                        "installed_by": ["modules"]
                    }
                }
            },
            "subworkflows": {
                "nf-core": {
                    "bam_sort_stats_samtools": {
                        "branch": "master",
                        "git_sha": "05954dab2ff481bcb999f24455da29a5828af08d",
                        "installed_by": ["subworkflows"]
                    },
                    "bam_stats_samtools": {
                        "branch": "master",
                        "git_sha": "05954dab2ff481bcb999f24455da29a5828af08d",
                        "installed_by": ["bam_sort_stats_samtools"]
                    },
                    "utils_nextflow_pipeline": {
                        "branch": "master",
                        "git_sha": "05954dab2ff481bcb999f24455da29a5828af08d",
                        "installed_by": ["subworkflows"]
                    },
                    "utils_nfcore_pipeline": {
                        "branch": "master",
                        "git_sha": "05954dab2ff481bcb999f24455da29a5828af08d",
                        "installed_by": ["subworkflows"]
                    },
                    "utils_nfschema_plugin": {
                        "branch": "master",
                        "git_sha": "2fd2cd6d0e7b273747f32e465fdc6bcc3ae0814e",
                        "installed_by": ["subworkflows"]
                    }
                }
            }
        }
    }
}
