{
    "@context": [
        "https://w3id.org/ro/crate/1.1/context",
        {
            "GithubService": "https://w3id.org/ro/terms/test#GithubService",
            "JenkinsService": "https://w3id.org/ro/terms/test#JenkinsService",
            "PlanemoEngine": "https://w3id.org/ro/terms/test#PlanemoEngine",
            "TestDefinition": "https://w3id.org/ro/terms/test#TestDefinition",
            "TestInstance": "https://w3id.org/ro/terms/test#TestInstance",
            "TestService": "https://w3id.org/ro/terms/test#TestService",
            "TestSuite": "https://w3id.org/ro/terms/test#TestSuite",
            "TravisService": "https://w3id.org/ro/terms/test#TravisService",
            "definition": "https://w3id.org/ro/terms/test#definition",
            "engineVersion": "https://w3id.org/ro/terms/test#engineVersion",
            "instance": "https://w3id.org/ro/terms/test#instance",
            "resource": "https://w3id.org/ro/terms/test#resource",
            "runsOn": "https://w3id.org/ro/terms/test#runsOn"
        }
    ],
    "@graph": [
        {
            "@id": "./",
            "@type": "Dataset",
            "creativeWorkStatus": "Stable",
            "datePublished": "2025-06-16T11:38:29+00:00",
            "description": "<h1>\n  <picture>\n    <source media=\"(prefers-color-scheme: dark)\" srcset=\"docs/images/nf-core-metatdenovo_logo_dark.png\">\n    <img alt=\"nf-core/metatdenovo\" src=\"docs/images/nf-core-metatdenovo_logo_light.png\">\n  </picture>\n</h1>\n\n[![GitHub Actions CI Status](https://github.com/nf-core/metatdenovo/actions/workflows/ci.yml/badge.svg)](https://github.com/nf-core/metatdenovo/actions/workflows/ci.yml)\n[![GitHub Actions Linting Status](https://github.com/nf-core/metatdenovo/actions/workflows/linting.yml/badge.svg)](https://github.com/nf-core/metatdenovo/actions/workflows/linting.yml)[![AWS CI](https://img.shields.io/badge/CI%20tests-full%20size-FF9900?labelColor=000000&logo=Amazon%20AWS)](https://nf-co.re/metatdenovo/results)[![Cite with Zenodo](http://img.shields.io/badge/DOI-10.5281/zenodo.10666590-1073c8?labelColor=000000)](https://doi.org/10.5281/zenodo.10666590)\n[![nf-test](https://img.shields.io/badge/unit_tests-nf--test-337ab7.svg)](https://www.nf-test.com)\n\n[![Nextflow](https://img.shields.io/badge/version-%E2%89%A524.04.2-green?style=flat&logo=nextflow&logoColor=white&color=%230DC09D&link=https%3A%2F%2Fnextflow.io)](https://www.nextflow.io/)\n[![nf-core template version](https://img.shields.io/badge/nf--core_template-3.3.1-green?style=flat&logo=nfcore&logoColor=white&color=%2324B064&link=https%3A%2F%2Fnf-co.re)](https://github.com/nf-core/tools/releases/tag/3.3.1)\n[![run with conda](http://img.shields.io/badge/run%20with-conda-3EB049?labelColor=000000&logo=anaconda)](https://docs.conda.io/en/latest/)\n[![run with docker](https://img.shields.io/badge/run%20with-docker-0db7ed?labelColor=000000&logo=docker)](https://www.docker.com/)\n[![run with singularity](https://img.shields.io/badge/run%20with-singularity-1d355c.svg?labelColor=000000)](https://sylabs.io/docs/)\n[![Launch on Seqera Platform](https://img.shields.io/badge/Launch%20%F0%9F%9A%80-Seqera%20Platform-%234256e7)](https://cloud.seqera.io/launch?pipeline=https://github.com/nf-core/metatdenovo)\n\n[![Get help on Slack](http://img.shields.io/badge/slack-nf--core%20%23metatdenovo-4A154B?labelColor=000000&logo=slack)](https://nfcore.slack.com/channels/metatdenovo)[![Follow on Bluesky](https://img.shields.io/badge/bluesky-%40nf__core-1185fe?labelColor=000000&logo=bluesky)](https://bsky.app/profile/nf-co.re)[![Follow on Mastodon](https://img.shields.io/badge/mastodon-nf__core-6364ff?labelColor=FFFFFF&logo=mastodon)](https://mstdn.science/@nf_core)[![Watch on YouTube](http://img.shields.io/badge/youtube-nf--core-FF0000?labelColor=000000&logo=youtube)](https://www.youtube.com/c/nf-core)\n\n## Introduction\n\n**nf-core/metatdenovo** is a bioinformatics best-practice analysis pipeline for assembly and annotation of metatranscriptomic and metagenomic data from prokaryotes, eukaryotes or viruses.\n\nOn release, automated continuous integration tests run the pipeline on a full-sized dataset on the AWS cloud infrastructure. This ensures that the pipeline runs on AWS, has sensible resource allocation defaults set to run on real-world datasets, and permits the persistent storage of results to benchmark between pipeline releases and other analysis sources. The results obtained from the full-sized test can be viewed on the [nf-core website](https://nf-co.re/metatdenovo/results).\n\n## Usage\n\n![nf-core/metatdenovo metro map](docs/images/metat-metromap.png)\n\n1. Read QC ([`FastQC`](https://www.bioinformatics.babraham.ac.uk/projects/fastqc/))\n2. Present QC for raw reads ([`MultiQC`](http://multiqc.info/))\n3. Quality trimming and adapter removal for raw reads ([`Trim Galore!`](https://www.bioinformatics.babraham.ac.uk/projects/trim_galore/))\n4. Optional: Filter sequences with [`BBduk`](https://jgi.doe.gov/data-and-tools/software-tools/bbtools/bb-tools-user-guide/bbduk-guide/)\n5. Optional: Normalize the sequencing depth with [`BBnorm`](https://jgi.doe.gov/data-and-tools/software-tools/bbtools/bb-tools-user-guide/bbnorm-guide/)\n6. Merge trimmed, pair-end reads ([`Seqtk`](https://github.com/lh3/seqtk))\n7. Choice of de novo assembly programs:\n   1. [`RNAspades`](https://cab.spbu.ru/software/rnaspades/) suggested for Eukaryote de novo assembly\n   2. [`Megahit`](https://github.com/voutcn/megahit) suggested for Prokaryote de novo assembly\n8. Choice of orf caller:\n   1. [`TransDecoder`](https://github.com/TransDecoder/TransDecoder) suggested for Eukaryotes\n   2. [`Prokka`](https://github.com/tseemann/prokka) suggested for Prokaryotes\n   3. [`Prodigal`](https://github.com/hyattpd/Prodigal) suggested for Prokaryotes\n9. Quantification of genes identified in assemblies:\n   1. Generate index of assembly ([`BBmap index`](https://sourceforge.net/projects/bbmap/))\n   2. Mapping cleaned reads to the assembly for quantification ([`BBmap`](https://sourceforge.net/projects/bbmap/))\n   3. Get raw counts per each gene present in the assembly ([`Featurecounts`](http://subread.sourceforge.net)) -> TSV table with collected featurecounts output\n10. Functional annotation:\n    1. [`Eggnog`](https://github.com/eggnogdb/eggnog-mapper) -> Reformat TSV output \"eggnog table\"\n    2. [`KOfamscan`](https://github.com/takaram/kofam_scan)\n    3. [`HMMERsearch`](https://www.ebi.ac.uk/Tools/hmmer/search/hmmsearch) -> Ranking orfs based on HMMprofile with [`Hmmrank`](https://github.com/erikrikarddaniel/hmmrank)\n11. Taxonomic annotation:\n    1. [`EUKulele`](https://github.com/AlexanderLabWHOI/EUKulele) -> Reformat TSV output \"Reformat_tax.R\"\n    2. [`CAT`](https://github.com/dutilh/CAT)\n12. Summary statistics table. \"Collect_stats.R\"\n\n## Usage\n\n> [!NOTE]\n> If you are new to Nextflow and nf-core, please refer to [this page](https://nf-co.re/docs/usage/installation) on how to set-up Nextflow. Make sure to [test your setup](https://nf-co.re/docs/usage/introduction#how-to-run-a-pipeline) with `-profile test` before running the workflow on actual data.\n\nFirst, prepare a samplesheet with your input data that looks as follows:\n\n`samplesheet.csv`:\n\n```\n| sample   | fastq_1                   | fastq_2\n| -------- | ------------------------- | ------------------------- |\n| sample1  | ./data/S1_R1_001.fastq.gz | ./data/S1_R2_001.fastq.gz |\n| sample2  | ./data/S2_fw.fastq.gz     | ./data/S2_rv.fastq.gz     |\n| sample3  | ./S4x.fastq.gz            | ./S4y.fastq.gz            |\n| sample4  | ./a.fastq.gz              | ./b.fastq.gz              |\n```\n\nEach row represents a fastq file (single-end) or a pair of fastq files (paired-end).\n\nNow, you can run the pipeline using:\n\n```bash\nnextflow run nf-core/metatdenovo \\\n   -profile <docker/singularity/.../institute> \\\n   --input samplesheet.csv \\\n   --outdir <OUTDIR>\n```\n\n> [!WARNING]\n> Please provide pipeline parameters via the CLI or Nextflow `-params-file` option. Custom config files including those provided by the `-c` Nextflow option can be used to provide any configuration _**except for parameters**_; see [docs](https://nf-co.re/docs/usage/getting_started/configuration#custom-configuration-files).\n\nFor more details and further functionality, please refer to the [usage documentation](https://nf-co.re/metatdenovo/usage) and the [parameter documentation](https://nf-co.re/metatdenovo/parameters).\n\n## Pipeline output\n\nTo see the results of an example test run with a full size dataset refer to the [results](https://nf-co.re/metatdenovo/results) tab on the nf-core website pipeline page.\nFor more details about the output files and reports, please refer to the\n[output documentation](https://nf-co.re/metatdenovo/output).\n\n> [!NOTE]\n> Tables in `summary_tables` directory under the output directory are made especially for further analysis in tools like R or Python.\n\n## Credits\n\nnf-core/metatdenovo was originally written by Danilo Di Leo (@danilodileo), Emelie Nilsson (@emnilsson) & Daniel Lundin (@erikrikarddaniel).\n\n## Contributions and Support\n\nIf you would like to contribute to this pipeline, please see the [contributing guidelines](.github/CONTRIBUTING.md).\n\nFor further information or help, don't hesitate to get in touch on the [Slack `#metatdenovo` channel](https://nfcore.slack.com/channels/metatdenovo) (you can join with [this invite](https://nf-co.re/join/slack)).\n\n## Citations\n\nIf you use nf-core/metatdenovo for your analysis, please cite it using the following doi: [10.5281/zenodo.10666590](https://doi.org/10.5281/zenodo.10666590)\n\nAn extensive list of references for the tools used by the pipeline can be found in the [`CITATIONS.md`](CITATIONS.md) file.\n\nYou can cite the `nf-core` publication as follows:\n\n> **The nf-core framework for community-curated bioinformatics pipelines.**\n>\n> Philip Ewels, Alexander Peltzer, Sven Fillinger, Harshil Patel, Johannes Alneberg, Andreas Wilm, Maxime Ulysse Garcia, Paolo Di Tommaso & Sven Nahnsen.\n>\n> _Nat Biotechnol._ 2020 Feb 13. doi: [10.1038/s41587-020-0439-x](https://dx.doi.org/10.1038/s41587-020-0439-x).\n",
            "hasPart": [
                {
                    "@id": "main.nf"
                },
                {
                    "@id": "assets/"
                },
                {
                    "@id": "conf/"
                },
                {
                    "@id": "docs/"
                },
                {
                    "@id": "docs/images/"
                },
                {
                    "@id": "modules/"
                },
                {
                    "@id": "modules/local/"
                },
                {
                    "@id": "modules/nf-core/"
                },
                {
                    "@id": "workflows/"
                },
                {
                    "@id": "subworkflows/"
                },
                {
                    "@id": "nextflow.config"
                },
                {
                    "@id": "README.md"
                },
                {
                    "@id": "nextflow_schema.json"
                },
                {
                    "@id": "CHANGELOG.md"
                },
                {
                    "@id": "LICENSE"
                },
                {
                    "@id": "CODE_OF_CONDUCT.md"
                },
                {
                    "@id": "CITATIONS.md"
                },
                {
                    "@id": "modules.json"
                },
                {
                    "@id": "docs/usage.md"
                },
                {
                    "@id": "docs/output.md"
                },
                {
                    "@id": ".nf-core.yml"
                },
                {
                    "@id": ".pre-commit-config.yaml"
                },
                {
                    "@id": ".prettierignore"
                }
            ],
            "isBasedOn": "https://github.com/nf-core/metatdenovo",
            "license": "MIT",
            "mainEntity": {
                "@id": "main.nf"
            },
            "mentions": [
                {
                    "@id": "#f4e2f46e-dcd7-4d97-9e10-a2e0145a2900"
                }
            ],
            "name": "nf-core/metatdenovo"
        },
        {
            "@id": "ro-crate-metadata.json",
            "@type": "CreativeWork",
            "about": {
                "@id": "./"
            },
            "conformsTo": [
                {
                    "@id": "https://w3id.org/ro/crate/1.1"
                },
                {
                    "@id": "https://w3id.org/workflowhub/workflow-ro-crate/1.0"
                }
            ]
        },
        {
            "@id": "main.nf",
            "@type": [
                "File",
                "SoftwareSourceCode",
                "ComputationalWorkflow"
            ],
            "creator": [
                {
                    "@id": "#78909156+danilodileo@users.noreply.github.com"
                },
                {
                    "@id": "#emelie.nilsson@lnu.se"
                },
                {
                    "@id": "#emelie.nilsson@lnu.se"
                },
                {
                    "@id": "#erik.rikard.daniel@gmail.com"
                }
            ],
            "dateCreated": "",
            "dateModified": "2025-06-16T13:38:29Z",
            "dct:conformsTo": "https://bioschemas.org/profiles/ComputationalWorkflow/1.0-RELEASE/",
            "keywords": [
                "nf-core",
                "nextflow",
                "eukaryotes",
                "metagenomics",
                "metatranscriptomics",
                "prokaryotes",
                "viruses"
            ],
            "license": [
                "MIT"
            ],
            "maintainer": [
                {
                    "@id": "#78909156+danilodileo@users.noreply.github.com"
                },
                {
                    "@id": "#erik.rikard.daniel@gmail.com"
                }
            ],
            "name": [
                "nf-core/metatdenovo"
            ],
            "programmingLanguage": {
                "@id": "https://w3id.org/workflowhub/workflow-ro-crate#nextflow"
            },
            "sdPublisher": {
                "@id": "https://nf-co.re/"
            },
            "url": [
                "https://github.com/nf-core/metatdenovo",
                "https://nf-co.re/metatdenovo/1.2.0/"
            ],
            "version": [
                "1.2.0"
            ]
        },
        {
            "@id": "https://w3id.org/workflowhub/workflow-ro-crate#nextflow",
            "@type": "ComputerLanguage",
            "identifier": {
                "@id": "https://www.nextflow.io/"
            },
            "name": "Nextflow",
            "url": {
                "@id": "https://www.nextflow.io/"
            },
            "version": "!>=24.04.2"
        },
        {
            "@id": "#f4e2f46e-dcd7-4d97-9e10-a2e0145a2900",
            "@type": "TestSuite",
            "instance": [
                {
                    "@id": "#6482f3bf-3eaf-4193-a455-90a9d348bc0c"
                }
            ],
            "mainEntity": {
                "@id": "main.nf"
            },
            "name": "Test suite for nf-core/metatdenovo"
        },
        {
            "@id": "#6482f3bf-3eaf-4193-a455-90a9d348bc0c",
            "@type": "TestInstance",
            "name": "GitHub Actions workflow for testing nf-core/metatdenovo",
            "resource": "repos/nf-core/metatdenovo/actions/workflows/nf-test.yml",
            "runsOn": {
                "@id": "https://w3id.org/ro/terms/test#GithubService"
            },
            "url": "https://api.github.com"
        },
        {
            "@id": "https://w3id.org/ro/terms/test#GithubService",
            "@type": "TestService",
            "name": "Github Actions",
            "url": {
                "@id": "https://github.com"
            }
        },
        {
            "@id": "assets/",
            "@type": "Dataset",
            "description": "Additional files"
        },
        {
            "@id": "conf/",
            "@type": "Dataset",
            "description": "Configuration files"
        },
        {
            "@id": "docs/",
            "@type": "Dataset",
            "description": "Markdown files for documenting the pipeline"
        },
        {
            "@id": "docs/images/",
            "@type": "Dataset",
            "description": "Images for the documentation files"
        },
        {
            "@id": "modules/",
            "@type": "Dataset",
            "description": "Modules used by the pipeline"
        },
        {
            "@id": "modules/local/",
            "@type": "Dataset",
            "description": "Pipeline-specific modules"
        },
        {
            "@id": "modules/nf-core/",
            "@type": "Dataset",
            "description": "nf-core modules"
        },
        {
            "@id": "workflows/",
            "@type": "Dataset",
            "description": "Main pipeline workflows to be executed in main.nf"
        },
        {
            "@id": "subworkflows/",
            "@type": "Dataset",
            "description": "Smaller subworkflows"
        },
        {
            "@id": "nextflow.config",
            "@type": "File",
            "description": "Main Nextflow configuration file"
        },
        {
            "@id": "README.md",
            "@type": "File",
            "description": "Basic pipeline usage information"
        },
        {
            "@id": "nextflow_schema.json",
            "@type": "File",
            "description": "JSON schema for pipeline parameter specification"
        },
        {
            "@id": "CHANGELOG.md",
            "@type": "File",
            "description": "Information on changes made to the pipeline"
        },
        {
            "@id": "LICENSE",
            "@type": "File",
            "description": "The license - should be MIT"
        },
        {
            "@id": "CODE_OF_CONDUCT.md",
            "@type": "File",
            "description": "The nf-core code of conduct"
        },
        {
            "@id": "CITATIONS.md",
            "@type": "File",
            "description": "Citations needed when using the pipeline"
        },
        {
            "@id": "modules.json",
            "@type": "File",
            "description": "Version information for modules from nf-core/modules"
        },
        {
            "@id": "docs/usage.md",
            "@type": "File",
            "description": "Usage documentation"
        },
        {
            "@id": "docs/output.md",
            "@type": "File",
            "description": "Output documentation"
        },
        {
            "@id": ".nf-core.yml",
            "@type": "File",
            "description": "nf-core configuration file, configuring template features and linting rules"
        },
        {
            "@id": ".pre-commit-config.yaml",
            "@type": "File",
            "description": "Configuration file for pre-commit hooks"
        },
        {
            "@id": ".prettierignore",
            "@type": "File",
            "description": "Ignore file for prettier"
        },
        {
            "@id": "https://nf-co.re/",
            "@type": "Organization",
            "name": "nf-core",
            "url": "https://nf-co.re/"
        },
        {
            "@id": "#78909156+danilodileo@users.noreply.github.com",
            "@type": "Person",
            "email": "78909156+danilodileo@users.noreply.github.com",
            "name": "Danilo Di Leo"
        },
        {
            "@id": "#emelie.nilsson@lnu.se",
            "@type": "Person",
            "email": "emelie.nilsson@lnu.se",
            "name": "Emelie Nilsso"
        },
        {
            "@id": "#erik.rikard.daniel@gmail.com",
            "@type": "Person",
            "email": "erik.rikard.daniel@gmail.com",
            "name": "Daniel Lundin"
        }
    ]
}