{
    "name": "nf-core/mag",
    "homePage": "https://github.com/nf-core/mag",
    "repos": {
        "https://github.com/nf-core/modules.git": {
            "modules": {
                "nf-core": {
                    "adapterremoval": {
                        "branch": "master",
                        "git_sha": "911696ea0b62df80e900ef244d7867d177971f73",
                        "installed_by": [
                            "modules"
                        ]
                    },
                    "aria2": {
                        "branch": "master",
                        "git_sha": "911696ea0b62df80e900ef244d7867d177971f73",
                        "installed_by": [
                            "modules"
                        ],
                        "patch": "modules/nf-core/aria2/aria2.diff"
                    },
                    "bbmap/bbnorm": {
                        "branch": "master",
                        "git_sha": "603ecbd9f45300c9788f197d2a15a005685b4220",
                        "installed_by": [
                            "modules"
                        ]
                    },
                    "bcftools/consensus": {
                        "branch": "master",
                        "git_sha": "911696ea0b62df80e900ef244d7867d177971f73",
                        "installed_by": [
                            "modules"
                        ]
                    },
                    "bcftools/index": {
                        "branch": "master",
                        "git_sha": "911696ea0b62df80e900ef244d7867d177971f73",
                        "installed_by": [
                            "modules"
                        ]
                    },
                    "bcftools/view": {
                        "branch": "master",
                        "git_sha": "911696ea0b62df80e900ef244d7867d177971f73",
                        "installed_by": [
                            "modules"
                        ]
                    },
                    "bracken/bracken": {
                        "branch": "master",
                        "git_sha": "41dfa3f7c0ffabb96a6a813fe321c6d1cc5b6e46",
                        "installed_by": [
                            "modules"
                        ]
                    },
                    "bracken/build": {
                        "branch": "master",
                        "git_sha": "e753770db613ce014b3c4bc94f6cba443427b726",
                        "installed_by": [
                            "modules"
                        ]
                    },
                    "bracken/combinebrackenoutputs": {
                        "branch": "master",
                        "git_sha": "41dfa3f7c0ffabb96a6a813fe321c6d1cc5b6e46",
                        "installed_by": [
                            "modules"
                        ]
                    },
                    "cat/fastq": {
                        "branch": "master",
                        "git_sha": "5c460c5a4736974abde2843294f35307ee2b0e5e",
                        "installed_by": [
                            "modules"
                        ]
                    },
                    "centrifuge/centrifuge": {
                        "branch": "master",
                        "git_sha": "9a07a1293d9b818d1e06d0f7b58152f74d462012",
                        "installed_by": [
                            "modules"
                        ]
                    },
                    "centrifuge/kreport": {
                        "branch": "master",
                        "git_sha": "9a07a1293d9b818d1e06d0f7b58152f74d462012",
                        "installed_by": [
                            "modules"
                        ],
                        "patch": "modules/nf-core/centrifuge/kreport/centrifuge-kreport.diff"
                    },
                    "checkm/lineagewf": {
                        "branch": "master",
                        "git_sha": "3ea318161b8788623cec477bde0f089180b2245b",
                        "installed_by": [
                            "modules"
                        ]
                    },
                    "checkm/qa": {
                        "branch": "master",
                        "git_sha": "867961a8ef91135475ca48c83743646038be4196",
                        "installed_by": [
                            "modules"
                        ]
                    },
                    "checkm2/databasedownload": {
                        "branch": "master",
                        "git_sha": "6b8947dd401a58b08ca19f1952dc1182d66e4d89",
                        "installed_by": [
                            "modules"
                        ]
                    },
                    "checkm2/predict": {
                        "branch": "master",
                        "git_sha": "6b8947dd401a58b08ca19f1952dc1182d66e4d89",
                        "installed_by": [
                            "modules"
                        ]
                    },
                    "chopper": {
                        "branch": "master",
                        "git_sha": "22737835af2db3dd0d5b6b332e75e160d0199fae",
                        "installed_by": [
                            "modules"
                        ]
                    },
                    "comebin/runcomebin": {
                        "branch": "master",
                        "git_sha": "6890e2209d0eb6c69dee5fcb5baf1108dbdfa523",
                        "installed_by": [
                            "modules"
                        ]
                    },
                    "concoct/concoct": {
                        "branch": "master",
                        "git_sha": "baa30accc6c50ea8a98662417d4f42ed18966353",
                        "installed_by": [
                            "fasta_binning_concoct"
                        ]
                    },
                    "concoct/concoctcoveragetable": {
                        "branch": "master",
                        "git_sha": "baa30accc6c50ea8a98662417d4f42ed18966353",
                        "installed_by": [
                            "fasta_binning_concoct"
                        ]
                    },
                    "concoct/cutupfasta": {
                        "branch": "master",
                        "git_sha": "73a6d7e6077b88aba1c5d6805635d79d6718270c",
                        "installed_by": [
                            "fasta_binning_concoct"
                        ]
                    },
                    "concoct/extractfastabins": {
                        "branch": "master",
                        "git_sha": "baa30accc6c50ea8a98662417d4f42ed18966353",
                        "installed_by": [
                            "fasta_binning_concoct"
                        ]
                    },
                    "concoct/mergecutupclustering": {
                        "branch": "master",
                        "git_sha": "baa30accc6c50ea8a98662417d4f42ed18966353",
                        "installed_by": [
                            "fasta_binning_concoct"
                        ]
                    },
                    "dastool/dastool": {
                        "branch": "master",
                        "git_sha": "911696ea0b62df80e900ef244d7867d177971f73",
                        "installed_by": [
                            "modules"
                        ]
                    },
                    "dastool/fastatocontig2bin": {
                        "branch": "master",
                        "git_sha": "911696ea0b62df80e900ef244d7867d177971f73",
                        "installed_by": [
                            "modules"
                        ]
                    },
                    "fastp": {
                        "branch": "master",
                        "git_sha": "d17d1ef366c69cfee83684f117bc6657ddf0c8182950c6986b11366dfcd43d9b",
                        "installed_by": [
                            "modules"
                        ]
                    },
                    "fastqc": {
                        "branch": "master",
                        "git_sha": "08108058ea36a63f141c25c4e75f9f872a5b2296",
                        "installed_by": [
                            "modules"
                        ]
                    },
                    "filtlong": {
                        "branch": "master",
                        "git_sha": "666652151335353eef2fcd58880bcef5bc2928e1",
                        "installed_by": [
                            "modules"
                        ]
                    },
                    "freebayes": {
                        "branch": "master",
                        "git_sha": "911696ea0b62df80e900ef244d7867d177971f73",
                        "installed_by": [
                            "modules"
                        ]
                    },
                    "genomad/download": {
                        "branch": "master",
                        "git_sha": "ca813f3f73adedf3547a5a677e992d9d43a71870",
                        "installed_by": [
                            "modules"
                        ]
                    },
                    "genomad/endtoend": {
                        "branch": "master",
                        "git_sha": "ca813f3f73adedf3547a5a677e992d9d43a71870",
                        "installed_by": [
                            "modules"
                        ]
                    },
                    "gtdbtk/classifywf": {
                        "branch": "master",
                        "git_sha": "7b9ce4b817926f17ec82cc0099d2d0ff095a2fac",
                        "installed_by": [
                            "modules"
                        ]
                    },
                    "gunc/downloaddb": {
                        "branch": "master",
                        "git_sha": "911696ea0b62df80e900ef244d7867d177971f73",
                        "installed_by": [
                            "modules"
                        ]
                    },
                    "gunc/mergecheckm": {
                        "branch": "master",
                        "git_sha": "b6515a01897b11b64b3368858c0359b4c813ad1e",
                        "installed_by": [
                            "modules"
                        ]
                    },
                    "gunc/run": {
                        "branch": "master",
                        "git_sha": "b6515a01897b11b64b3368858c0359b4c813ad1e",
                        "installed_by": [
                            "modules"
                        ]
                    },
                    "gunzip": {
                        "branch": "master",
                        "git_sha": "e06548bfa36ee31869b81041879dd6b3a83b1d57",
                        "installed_by": [
                            "modules"
                        ]
                    },
                    "krakentools/combinekreports": {
                        "branch": "master",
                        "git_sha": "9f58e4dc6c4c8075d05b8d0ef92fca44d618e580",
                        "installed_by": [
                            "modules"
                        ]
                    },
                    "krakentools/kreport2krona": {
                        "branch": "master",
                        "git_sha": "3f5420aa22e00bd030a2556dfdffc9e164ec0ec5",
                        "installed_by": [
                            "modules"
                        ]
                    },
                    "krona/kronadb": {
                        "branch": "master",
                        "git_sha": "3f5420aa22e00bd030a2556dfdffc9e164ec0ec5",
                        "installed_by": [
                            "modules"
                        ]
                    },
                    "krona/ktimporttaxonomy": {
                        "branch": "master",
                        "git_sha": "3f5420aa22e00bd030a2556dfdffc9e164ec0ec5",
                        "installed_by": [
                            "modules"
                        ]
                    },
                    "krona/ktupdatetaxonomy": {
                        "branch": "master",
                        "git_sha": "41dfa3f7c0ffabb96a6a813fe321c6d1cc5b6e46",
                        "installed_by": [
                            "modules"
                        ]
                    },
                    "maxbin2": {
                        "branch": "master",
                        "git_sha": "376c622c91dc6a06af19f4de7f0c103bc0573b3f",
                        "installed_by": [
                            "modules"
                        ]
                    },
                    "megahit": {
                        "branch": "master",
                        "git_sha": "d6ff43e046fcbc552d18050470592c9974a23e67",
                        "installed_by": [
                            "modules"
                        ]
                    },
                    "metabat2/jgisummarizebamcontigdepths": {
                        "branch": "master",
                        "git_sha": "911696ea0b62df80e900ef244d7867d177971f73",
                        "installed_by": [
                            "modules"
                        ]
                    },
                    "metabat2/metabat2": {
                        "branch": "master",
                        "git_sha": "d2e220fdec3aa2f4482c70017df4cdf8a4c94f27",
                        "installed_by": [
                            "modules"
                        ]
                    },
                    "metaeuk/easypredict": {
                        "branch": "master",
                        "git_sha": "30d06da5bd7ae67be32758bf512cd75a4325d386",
                        "installed_by": [
                            "modules"
                        ]
                    },
                    "minimap2/align": {
                        "branch": "master",
                        "git_sha": "e753770db613ce014b3c4bc94f6cba443427b726",
                        "installed_by": [
                            "modules"
                        ]
                    },
                    "minimap2/index": {
                        "branch": "master",
                        "git_sha": "e753770db613ce014b3c4bc94f6cba443427b726",
                        "installed_by": [
                            "modules"
                        ]
                    },
                    "mmseqs/databases": {
                        "branch": "master",
                        "git_sha": "699e078133f580548aeb43114f93ac29928c6143",
                        "installed_by": [
                            "modules"
                        ]
                    },
                    "multiqc": {
                        "branch": "master",
                        "git_sha": "f0719ae309075ae4a291533883847c3f7c441dad",
                        "installed_by": [
                            "modules"
                        ]
                    },
                    "nanolyse": {
                        "branch": "master",
                        "git_sha": "3f5420aa22e00bd030a2556dfdffc9e164ec0ec5",
                        "installed_by": [
                            "modules"
                        ]
                    },
                    "nanoplot": {
                        "branch": "master",
                        "git_sha": "3135090b46f308a260fc9d5991d7d2f9c0785309",
                        "installed_by": [
                            "modules"
                        ]
                    },
                    "nanoq": {
                        "branch": "master",
                        "git_sha": "666652151335353eef2fcd58880bcef5bc2928e1",
                        "installed_by": [
                            "modules"
                        ]
                    },
                    "porechop/abi": {
                        "branch": "master",
                        "git_sha": "06c8865e36741e05ad32ef70ab3fac127486af48",
                        "installed_by": [
                            "modules"
                        ]
                    },
                    "porechop/porechop": {
                        "branch": "master",
                        "git_sha": "1d68c7f248d1a480c5959548a9234602b771199e",
                        "installed_by": [
                            "modules"
                        ]
                    },
                    "prodigal": {
                        "branch": "master",
                        "git_sha": "666652151335353eef2fcd58880bcef5bc2928e1",
                        "installed_by": [
                            "modules"
                        ]
                    },
                    "prokka": {
                        "branch": "master",
                        "git_sha": "81880787133db07d9b4c1febd152c090eb8325dc",
                        "installed_by": [
                            "modules"
                        ]
                    },
                    "pydamage/analyze": {
                        "branch": "master",
                        "git_sha": "911696ea0b62df80e900ef244d7867d177971f73",
                        "installed_by": [
                            "modules"
                        ]
                    },
                    "pydamage/filter": {
                        "branch": "master",
                        "git_sha": "911696ea0b62df80e900ef244d7867d177971f73",
                        "installed_by": [
                            "modules"
                        ]
                    },
                    "pyrodigal": {
                        "branch": "master",
                        "git_sha": "e753770db613ce014b3c4bc94f6cba443427b726",
                        "installed_by": [
                            "modules"
                        ]
                    },
                    "samtools/faidx": {
                        "branch": "master",
                        "git_sha": "fd742419940e01ba1c5ecb172c3e32ec840662fe",
                        "installed_by": [
                            "modules"
                        ]
                    },
                    "seqkit/stats": {
                        "branch": "master",
                        "git_sha": "41dfa3f7c0ffabb96a6a813fe321c6d1cc5b6e46",
                        "installed_by": [
                            "modules"
                        ]
                    },
                    "seqtk/mergepe": {
                        "branch": "master",
                        "git_sha": "911696ea0b62df80e900ef244d7867d177971f73",
                        "installed_by": [
                            "modules"
                        ]
                    },
                    "spades": {
                        "branch": "master",
                        "git_sha": "05954dab2ff481bcb999f24455da29a5828af08d",
                        "installed_by": [
                            "modules"
                        ]
                    },
                    "taxpasta/merge": {
                        "branch": "master",
                        "git_sha": "f9aa121d8b7f3b01d052ecac9175145592eb6041",
                        "installed_by": [
                            "modules"
                        ]
                    },
                    "taxpasta/standardise": {
                        "branch": "master",
                        "git_sha": "f9aa121d8b7f3b01d052ecac9175145592eb6041",
                        "installed_by": [
                            "modules"
                        ]
                    },
                    "tiara/tiara": {
                        "branch": "master",
                        "git_sha": "911696ea0b62df80e900ef244d7867d177971f73",
                        "installed_by": [
                            "modules"
                        ]
                    },
                    "trimmomatic": {
                        "branch": "master",
                        "git_sha": "666652151335353eef2fcd58880bcef5bc2928e1",
                        "installed_by": [
                            "modules"
                        ]
                    },
                    "untar": {
                        "branch": "master",
                        "git_sha": "5caf7640a9ef1d18d765d55339be751bb0969dfa",
                        "installed_by": [
                            "modules"
                        ]
                    }
                }
            },
            "subworkflows": {
                "nf-core": {
                    "fasta_binning_concoct": {
                        "branch": "master",
                        "git_sha": "c60c14b285b89bdd0607e371417dadb80385ad6e",
                        "installed_by": [
                            "subworkflows"
                        ]
                    },
                    "utils_nextflow_pipeline": {
                        "branch": "master",
                        "git_sha": "c2b22d85f30a706a3073387f30380704fcae013b",
                        "installed_by": [
                            "subworkflows"
                        ]
                    },
                    "utils_nfcore_pipeline": {
                        "branch": "master",
                        "git_sha": "51ae5406a030d4da1e49e4dab49756844fdd6c7a",
                        "installed_by": [
                            "subworkflows"
                        ]
                    },
                    "utils_nfschema_plugin": {
                        "branch": "master",
                        "git_sha": "2fd2cd6d0e7b273747f32e465fdc6bcc3ae0814e",
                        "installed_by": [
                            "subworkflows"
                        ]
                    }
                }
            }
        }
    }
}